{
    "rmse": 0.8051493060728667,
    "mae": 0.659213355880247,
    "r2": 0.008018985951240065
}